{"sections":{"image_banner":{"type":"image-banner","blocks":{"heading":{"type":"heading","settings":{"heading":"<strong>Embark on the Fast Track to Success<\/strong>","heading_size":"h2"}},"text_Ai38JG":{"type":"text","settings":{"text":"","text_style":"body"}},"button":{"type":"buttons","settings":{"button_label_1":"SHOP NOW","button_link_1":"shopify:\/\/collections\/all","button_style_secondary_1":true,"button_label_2":"","button_link_2":"","button_style_secondary_2":false}}},"block_order":["heading","text_Ai38JG","button"],"custom_css":[],"settings":{"image_2":"shopify:\/\/shop_images\/sporting-goods-bold-2-top.jpg","image_overlay_opacity":30,"image_height":"large","image_behavior":"ambient","desktop_content_position":"bottom-center","desktop_content_alignment":"center","show_text_box":true,"color_scheme":"accent-2","stack_images_on_mobile":true,"mobile_content_alignment":"center","show_text_below":true}},"featured_collection":{"type":"featured-collection","custom_css":[],"settings":{"collection":"all","products_to_show":4,"title":"","heading_size":"h1","description":"","show_description":false,"description_style":"body","columns_desktop":4,"enable_desktop_slider":true,"full_width":true,"show_view_all":false,"view_all_style":"solid","color_scheme":"accent-2","image_ratio":"portrait","image_shape":"default","show_secondary_image":false,"show_vendor":false,"show_rating":false,"quick_add":"none","columns_mobile":"2","swipe_on_mobile":false,"padding_top":8,"padding_bottom":8}},"rich_text_yUQyNd":{"type":"rich-text","blocks":{"heading_EApCQC":{"type":"heading","settings":{"heading":"","heading_size":"h1"}},"text_7nHVcq":{"type":"text","settings":{"text":"<p>Elevate your game with top-tier sports equipment<\/p>"}}},"block_order":["heading_EApCQC","text_7nHVcq"],"settings":{"desktop_content_position":"center","content_alignment":"center","color_scheme":"accent-1","full_width":true,"padding_top":96,"padding_bottom":96}},"image_banner_TqFpLH":{"type":"image-banner","blocks":{"heading_RLCrnD":{"type":"heading","settings":{"heading":"dedicated to enhancing your athletic journey","heading_size":"h2"}},"buttons_ht7NEw":{"type":"buttons","settings":{"button_label_1":"Contact us","button_link_1":"shopify:\/\/pages\/contact-us","button_style_secondary_1":false,"button_label_2":"","button_link_2":"","button_style_secondary_2":false}}},"block_order":["heading_RLCrnD","buttons_ht7NEw"],"settings":{"image":"shopify:\/\/shop_images\/sporting-goods-bold-5-middle.jpg","image_2":"shopify:\/\/shop_images\/sporting-goods-bold-4-middle.jpg","image_overlay_opacity":30,"image_height":"large","image_behavior":"none","desktop_content_position":"middle-center","desktop_content_alignment":"center","show_text_box":false,"color_scheme":"accent-2","stack_images_on_mobile":true,"mobile_content_alignment":"center","show_text_below":false}},"image_banner_WwYiUb":{"type":"image-banner","blocks":{"heading_6mHYVW":{"type":"heading","settings":{"heading":"","heading_size":"h1"}}},"block_order":["heading_6mHYVW"],"disabled":true,"settings":{"image":"shopify:\/\/shop_images\/sporting-goods-bold-1-top.jpg","image_2":"shopify:\/\/shop_images\/sporting-goods-bold-3-top.jpg","image_overlay_opacity":30,"image_height":"medium","image_behavior":"none","desktop_content_position":"middle-center","desktop_content_alignment":"left","show_text_box":false,"color_scheme":"accent-2","stack_images_on_mobile":true,"mobile_content_alignment":"left","show_text_below":true}},"image_banner_peEqR9":{"type":"image-banner","blocks":{"heading_ThRANB":{"type":"heading","settings":{"heading":"Empowering athletes with premium gear and unwavering support","heading_size":"h2"}},"text_kcmWTK":{"type":"text","settings":{"text":"","text_style":"body"}}},"block_order":["heading_ThRANB","text_kcmWTK"],"settings":{"image_2":"shopify:\/\/shop_images\/sporting-goods-bold-3-top.jpg","image_overlay_opacity":30,"image_height":"large","image_behavior":"none","desktop_content_position":"middle-center","desktop_content_alignment":"center","show_text_box":false,"color_scheme":"accent-2","stack_images_on_mobile":true,"mobile_content_alignment":"center","show_text_below":true}},"collection_list_Wj84DJ":{"type":"collection-list","blocks":{"featured_collection_QeCwnd":{"type":"featured_collection","settings":{"collection":"cricket-bat"}},"featured_collection_t9CGyU":{"type":"featured_collection","settings":{"collection":""}},"featured_collection_b3qbUd":{"type":"featured_collection","settings":{"collection":""}}},"block_order":["featured_collection_QeCwnd","featured_collection_t9CGyU","featured_collection_b3qbUd"],"custom_css":["\/* हेडिंग का फ़ॉन्ट साइज़ *\/h2 {font-size: 32px;}"," \/* कलेक्शन लिस्ट बैकग्राउंड सफेद करें *\/.collection-list {background-color: white !important;}"," \/* इमेज बैकग्राउंड को भी सफेद करें *\/.collection-list img {background-color: white !important;}"," \/* अगर इमेज का बैकग्राउंड हटाना है, तो ब्लेंडिंग मोड यूज़ करें *\/.collection-list img {mix-blend-mode: multiply;}"],"settings":{"title":"Collections","heading_size":"h1","image_ratio":"square","columns_desktop":3,"color_scheme":"","show_view_all":false,"columns_mobile":"1","swipe_on_mobile":false,"padding_top":36,"padding_bottom":36}}},"order":["image_banner","featured_collection","rich_text_yUQyNd","image_banner_TqFpLH","image_banner_WwYiUb","image_banner_peEqR9","collection_list_Wj84DJ"]}