{"sections":{"main":{"type":"main-page","settings":{"padding_top":8,"padding_bottom":12}},"image_banner_kWrrRy":{"type":"image-banner","blocks":{"heading_B3GUJd":{"type":"heading","settings":{"heading":"Image banner","heading_size":"h1"}},"text_nKAHGP":{"type":"text","settings":{"text":"Give customers details about the banner image(s) or content on the template.","text_style":"body"}},"buttons_P8nbV8":{"type":"buttons","settings":{"button_label_1":"KASHMIRI BAT","button_link_1":"shopify:\/\/collections\/cricket-bat","button_style_secondary_1":true,"button_label_2":"ENGLISH BAT","button_link_2":"","button_style_secondary_2":true}}},"block_order":["heading_B3GUJd","text_nKAHGP","buttons_P8nbV8"],"settings":{"image_2":"shopify:\/\/shop_images\/sgsvgpls-2_f8f8fb9e-089f-40ec-aee5-75b6f67b024a.jpg","image_overlay_opacity":0,"image_height":"medium","image_behavior":"none","desktop_content_position":"middle-center","desktop_content_alignment":"center","show_text_box":true,"color_scheme":"","stack_images_on_mobile":true,"mobile_content_alignment":"center","show_text_below":true}},"image_banner_HK3icm":{"type":"image-banner","blocks":{"heading_qYk3qL":{"type":"heading","settings":{"heading":"Image banner","heading_size":"h1"}},"text_xVyLnK":{"type":"text","settings":{"text":"Give customers details about the banner image(s) or content on the template.","text_style":"body"}},"buttons_C3CJYe":{"type":"buttons","settings":{"button_label_1":"BALL","button_link_1":"shopify:\/\/collections\/ball","button_style_secondary_1":true,"button_label_2":"Button label","button_link_2":"","button_style_secondary_2":true}}},"block_order":["heading_qYk3qL","text_xVyLnK","buttons_C3CJYe"],"settings":{"image_2":"shopify:\/\/shop_images\/download.jpg","image_overlay_opacity":0,"image_height":"medium","image_behavior":"none","desktop_content_position":"middle-center","desktop_content_alignment":"center","show_text_box":true,"color_scheme":"","stack_images_on_mobile":true,"mobile_content_alignment":"center","show_text_below":true}}},"order":["main","image_banner_kWrrRy","image_banner_HK3icm"]}