{"name":"t:sections.header.name","type":"header","sections":{"announcement-bar":{"type":"announcement-bar","blocks":{"announcement-bar-0":{"type":"announcement","settings":{"text":"NEW ARRIVALS JUST LANDED","link":""}},"announcement_KU66py":{"type":"announcement","settings":{"text":"SIGN UP FOR 10% OFF YOUR FIRST PURCHASE","link":""}},"announcement_QhUnjQ":{"type":"announcement","settings":{"text":"Welcome to our store","link":""}}},"block_order":["announcement-bar-0","announcement_KU66py","announcement_QhUnjQ"],"settings":{"auto_rotate":true,"change_slides_speed":5,"color_scheme":"accent-2","show_line_separator":true,"show_social":false,"enable_country_selector":false,"enable_language_selector":false}},"header":{"type":"header","custom_css":[],"settings":{"logo_position":"middle-center","mobile_logo_position":"center","menu":"main-menu","menu_type_desktop":"drawer","sticky_header_type":"reduce-logo-size","show_line_separator":false,"color_scheme":"inverse","menu_color_scheme":"inverse","enable_country_selector":true,"enable_language_selector":false,"enable_customer_avatar":true,"margin_bottom":0,"padding_top":8,"padding_bottom":8}},"custom_liquid_r839DW":{"type":"custom-liquid","custom_css":[".cricket-category-container {background: #fff; padding: 8px; border-radius: 5px;}",".category-header {display: flex; justify-content: space-between; background: #004aad; color: #fff; padding: 6px; border-radius: 5px;}",".menu-toggle {border: none; background: none; color: #fff; font-size: 16px; cursor: pointer;}",".cricket-category-list {display: none; list-style: none; padding: 0; margin: 0;}",".cricket-category-list a {color: #222; padding: 5px 8px; display: inline-block; text-decoration: none;}"],"settings":{"custom_liquid":"<div class=\"cricket-category-container\"> \n  <div class=\"category-header\">\n    <span>Cricket Equipment<\/span>\n    <button class=\"menu-toggle\" onclick=\"toggleCategoryMenu()\">☰<\/button>\n  <\/div>\n  \n  <ul class=\"cricket-category-list\">\n    <li><a href=\"https:\/\/pickstarindia.myshopify.com\/collections\/bat\">Bats<\/a><\/li>\n    <li><a href=\"https:\/\/pickstarindia.myshopify.com\/collections\/ball\">Balls<\/a><\/li>\n    <li><a href=\"https:\/\/pickstarindia.myshopify.com\/collections\/gloves\">Gloves<\/a><\/li>\n    <li><a href=\"https:\/\/pickstarindia.myshopify.com\/collections\/helmets\">Helmets<\/a><\/li>\n    <li><a href=\"https:\/\/pickstarindia.myshopify.com\/collections\/pads\">Pads<\/a><\/li>\n    <li><a href=\"https:\/\/pickstarindia.myshopify.com\/collections\/shoes\">Shoes<\/a><\/li>\n    <li><a href=\"https:\/\/pickstarindia.myshopify.com\/collections\/clothing\">Clothing<\/a><\/li>\n    <li><a href=\"https:\/\/pickstarindia.myshopify.com\/collections\/accessories\">Accessories<\/a><\/li>\n  <\/ul>\n<\/div>\n\n<style>\n\/* Main container styling *\/\n.cricket-category-container {\n  background-color: #f8f8f8;\n  border-bottom: 2px solid #ddd;\n  padding: 10px;\n  text-align: center;\n}\n\n\/* Header with title and toggle button *\/\n.category-header {\n  display: flex;\n  justify-content: space-between;\n  align-items: center;\n  font-size: 18px;\n  font-weight: bold;\n  padding: 8px 15px;\n  background: #0074D9;\n  color: white;\n  border-radius: 5px;\n}\n\n\/* Mobile menu toggle button *\/\n.menu-toggle {\n  background: transparent;\n  border: none;\n  color: white;\n  font-size: 24px;\n  cursor: pointer;\n}\n\n\/* Category list styling *\/\n.cricket-category-list {\n  list-style: none;\n  margin: 0;\n  padding: 0;\n  display: flex;\n  flex-wrap: wrap;\n  justify-content: center;\n  gap: 12px;\n  display: none; \/* Hidden by default for mobile *\/\n}\n\n\/* Category item styling *\/\n.cricket-category-list li {\n  display: inline;\n}\n\n.cricket-category-list a {\n  text-decoration: none;\n  color: #333;\n  font-weight: bold;\n  font-size: 16px;\n  padding: 8px 12px;\n  border-radius: 5px;\n  transition: all 0.3s ease;\n}\n\n\/* Hover effect *\/\n.cricket-category-list a:hover {\n  background-color: #0074D9;\n  color: white;\n}\n\n\/* Mobile-Friendly *\/\n@media (max-width: 768px) {\n  .cricket-category-list {\n    flex-direction: column;\n    text-align: center;\n    padding: 10px;\n  }\n\n  .cricket-category-list a {\n    display: block;\n    padding: 10px;\n    font-size: 14px;\n  }\n}\n<\/style>\n\n<script>\nfunction toggleCategoryMenu() {\n  var menu = document.querySelector(\".cricket-category-list\");\n  menu.style.display = (menu.style.display === \"block\") ? \"none\" : \"block\";\n}\n<\/script>","color_scheme":"","padding_top":0,"padding_bottom":0}}},"order":["announcement-bar","header","custom_liquid_r839DW"]}